Day,Class,"I
 09:00 - 10:00",Unnamed: 3,Unnamed: 4,"II
 10:05 - 11:05",Unnamed: 6,Unnamed: 7,11:05 - 11:25,"III
 11:25 - 12:25",Unnamed: 10,Unnamed: 11,"IV
 12:30 - 01:30",Unnamed: 13,Unnamed: 14,"V
 01:35 - 02:35",Unnamed: 16,Unnamed: 17,"VI
 02:40 - 03:40",Unnamed: 19,Unnamed: 20,"VII
 03.40 - 04.40",Unnamed: 22,Unnamed: 23,Unnamed: 24,Unnamed: 25,Unnamed: 26,Unnamed: 27,Unnamed: 28
,CLASS,SUBJECT,FACULTY,VENUE,LECTURE,FACULTY,VENUE,,SUBJECT,FACULTY,VENUE,SUBJECT,FACULTY,VENUE,SUBJECT,FACULTY,VENUE,SUBJECT,FACULTY,VENUE,SUBJECT,FACULTY,VENUE,,,,FACULTY CODE,FACULTY NAME
MONDAY,BCA-1A,BMPD,PRT,ET-505,,,,TEA BREAK,EVS,SONIA,ET-503,Lunch Break,,,C++,AKG,ET-102,MATHS,RPK,ET-302,,,,,,,AKG,Ms. Ankita Gupta
,BCA-1B,CSA lab,APK,MTCL-2,CSA LAB,APK,MTCL-2,,CSA,APK,ET-302,Lunch Break,,,MATHS LAB,DMK,ETCC-206,,,,,,,,,,ALM,Ms. Arti Lakhanpal Malhotra
,BCA-1C,C++,HMK,ET-402,CSA,KMK,ET-402,,CSA LAB,KMK,MTCL-3,CSA LAB,KMK,MTCL-3,Lunch Break,,,,,,,,,,,,ANK,Ms. Anika Bhandari
,BCA-1D,MATHS,DMK,ET-502,,,,,CSA,SJK,ET-401,Lunch Break,,,C++ LAB,SMB,MTCL-2,C++ LAB,SMB,MTCL-2,,,,,,,APK,Ms. Amanpreet Kaur
,BCA-1E,C++ LAB,PRB,MTCL-3,C++ LAB,PRB,MTCL-3,,MATHS,HPK,ET-203,CSA,SJK,ET-201,Lunch Break,,,,,,,,,,,,CND,Ms. Chandni
,BCA-1F,C++,SNL,ET-503,C++,SNL,ET-503,,MATHS,GSC,ET-502,EVS,DIKSHA,ET-203,Lunch Break,,,,,,,,,,,,DMK,Ms. Damanpreet Kaur
,BCA-2A,OS LAB,NRN,PHCL,OS LAB,NRN,PHCL,,SE,PRS,ET-402,Lunch Break,,,SE LAB,PRS,ETCC-407,SE LAB,PRS,ETCC-407,OS,NRN,ET-101,,,,FZB,Dr. Faizyab Ahmed
,BCA-2B,OS,PRJ,ET-501,SE,GVA,ET-501,,SE LAB,GVA,MTCL-2,SE LAB,GVA,MTCL-2,Lunch Break,,,WD LAB,ANK,HMCL,WD LAB,ANK,HMCL,,,,GSC,Mr. Gagandeep Singh Cheema
,BCA-2C,DBMS LAB,AKG,HMCL,DBMS LAB,AKG,HMCL,,DBMS,AKG,ET-501,Lunch Break,,,WD LAB,PNT,HMCL,SE,GVA,ET-103,WD,PNT,ET-103,,,,GVA,Mr. Gourav Arora
,BCA-2D,SE,PRK,ET-203,DBMS,PRT,ET-203,,WD,HSK,ET-403,Lunch Break,,,WD LAB,HSK,MTCL-3,SE LAB,PRK,MTCL-3,SE LAB,PRK,MTCL-3,,,,HMK,Mr. Himanshu
,BCA-2E,OS,ANK,ET-403,SE,PRJ,ET-403,,WD LAB,ISK,HMCL,WD LAB,ISK,HMCL,Lunch Break,,,DBMS,NRN,ET-303,,,,,,,HSK,Ms. Harsheet Kaur
,BCA-3A,ML,CND,ET-302,CIL,PRS,ET-302,,DM LAB,JSL,ETCC-206,DM LAB,JSL,ETCC-206,Lunch Break,,,DM,JSL,ET-201,"GROUP 1 ( MERN ) PRT - ETCC-304 (MOBILE DEVELOPMENT) - ISK ETCC-507 GROUP 1 (UX/UI) - GVA - ETCC-407 , live project- LANG LAB -SHK",,,,,,HSD,Mr. Harpreet Singh Dhanoa
,BCA-3B,ML,KP,ET-301,ANDROID,SNK,ET-202,,DM,PRK,ET-302,Lunch Break,,,AND LAB,SNK,ETCC-507,CIL,SHG,ET-403,,,,,,,ISK,Ms. Ishika Prashad
,BCA-3C,DM,JHN,ET-303,ANDROID,SNT,ET-303,,CIL,PNT,ET-303,Lunch Break,,,ML LAB,CND,ETCC-304,ML LAB,CND,ETCC-304,,,,,,,JSL,Ms. JASLEEN KAUR
,MCA-1,AD JAVA LAB,JSL,LANG LAB,LINUX,JHN,ET-301,,DAA,ANK,PHYSICS LAB,ISCL,PRK,LANG LAB,WT,HMK,ET-201,Lunch Break,,,AD JAVA,JSL,ET-102,,,,JHN,Ms. Jahanvi Arora
,MCA-2,CC,SHG,Drawing hall-1,CC LAB,SHG,LANG LAB,,MLDA LAB,CND,LANG LAB,AWT,HSK,ET-302,Lunch Break,,,MLDA,KP,ET-301,GP1( MERN )PRT-ETCC-304 (MOBILE DEVELOPMENT) -ISK ETCC-507 GP1 (UX/UI)-GVA- ETCC-407 LIVE PROJECT- LANG LAB -SHK,,,,,,KMK,Ms. Kamalpreet Kaur
,Btech Section AI & ML,PPS,,ET-101,Mathematics II,HPK,ET-101,,Chemistry,NK,ET-101,English,Rimpy,ET-101,Lunch Break,,,PPS Lab Group 1 & Chem LAB Group 2,,,,,,,,,NVG,Ms. Navkiran Kaur Gill
,Btech Section A,BEE,TNT,ET-102,Mathematics II,PK,ET-103,,Physics,FZ,ET-201,Lunch Break,,,EGD(SKC & Arif),,,,,,,,,,,,PNT,Ms. Punita
,Btech Section B,Physics Lab G2 FZ,,,,,,,Mathematics II,DMK,ET-103,Physics,FZ,ET-102,Lunch Break,,,BEE G1 TNT,,,,,,,,,PRB,Ms. Pratibha Soram
,Btech Section C,Chemistry,NK,ET-103,Mathematics II,PK,ET-103,,English,Tulika,ET-201,PPS,,ET-103,,,,Workshop Group-1,,,,,,,,,PRJ,Mr. Parteek Jain
,BTECH CSE-2A GP1,OS LAB,SMB,ETCC-407,DAA LAB,NVG,ETCC-507,,MATHS IV,PK,ET-102,DAA,ALM,ET-301,Lunch Break,,,COA,APK,ET-102,,,,,,,PRS,Ms. PRATISHTHA
,BTECH CSE-2A GP2,DAA LAB,NVG,ETCC-507,OS LAB,SMB,ETCC-407,,,,,,,,,,,,,,,,,,,,PRT,Ms. Pratiksha
,BTECH CSE-2B GP 1,UHV,SW,ET-201,OS,SJK,ET-201,,MATHS,ARM,ET-505,Lunch Break,,,DAA,NVG,ET-101,COA,KMK,ET-101,,,,,,,smb,seema bajaj
,BTECH CSE-2B GP 2,,,,,,,,,,,,,,,,,,,,,,,,,,snt,santa singh
,BTECH CSE 2C GP1,DAA,PNT,ET-202,UHV,SW,ET-102,,COA LAB,KP,ETCC-407,Lunch Break,,,MATHS IV,HPK,ET-103,OS,HSD,ET-202,,,,,,,snk,sanskar
,BTECH CSE 2C GP2,,,,,,,,,,,,,,,,,,,,,,,,,,srb,sarbjeetkaur
,BTECH CSE 3A GP1,AI LAB,SRB,ETCC-206,CD lab,ALM,ETCC-304,,MAD,SNK,ET-202,CC,SHG,ET-202,Lunch Break,,,CD,ALM,ET-203,"GROUP 1 ( MERN ) PRT - ETCC-304 (MOBILE DEVELOPMENT) - ISK ETCC-507 GROUP 1 (UX/UI) - GVA - ETCC-407 , live project- LANG LAB -SHK",,,,,,SHK,SHAIRY KALRA
,BTECH CSE 3A GP2,CD lab,ALM,ETCC-304,AI LAB,SRB,ETCC-206,,,,,,,,,,,,,,,,,,,,SJK,SIMRANJEET KAUR
,BTECH CSE 3B GP1,MAD,SNT,ET-401,PDD,SKG,ET-401,,CC LAB,PRB,ETCC-304,MAD LAB,SNT,ETCC-507,Lunch Break,,,CC,PRB,ET-202,,,,,,,SNL,SONALI
,BTECH CSE 3B GP2,,,,,,,,MAD LAB,SNT,ETCC-507,CC LAB,PRB,ETCC-304,,,,,,,,,,,,,PRK,PARIKA
,BTECH CSE 4,,,,,,,,,,,,,,,,,,,,,,,,,,SHG,SAHIL GUPTA
,MBA 1A,,,,,,,,,,,,,,,,,,,,,,,,,,RPK,ROOPA KAUR
,MBA 1B,,,,,,,,,,,,,,,,,,,,,,,,,,ARM,AARTI MALA
,MBA 1C,,,,,,,,,,,,,,,,,,,,,,,,,,HS,Dr. Harmeet Singh
,BHMCT 1,,,,,,,,,,,,,,,,,,,,,,,,,,APS,AMANPREET SINGH
,BHMCT 4,,,,,,,,,,,,,,,,,,,,,,,,,,NK,NAVNEET KAUR
,B.Pharma 1A,,HSK,,,,,,,,,,,,,JHN,,,JHN,,,,,,,,SW,Swapan channa
,B.Pharma 1B,,,,,,,,,,,,,,,,,,,,,,,,,,skg,SK GANDHI
TUESDAY,BCA-1A,MATHS,RPK,ET-403,CSA,SMB,ET-403,TEA BREAK,C++ LAB,AKG,MTCL-3,C++ LAB,AKG,MTCL-3,Lunch Break,,,C++,AKG,ET-301,,,,,,,,
,BCA-1B,C++ LAB,PRS,MTCL-3,C++ LAB,PRS,MTCL-3,,C++,PRS,ET-303,EVS,SONIA,ET-302,,,,,,,,,,,,,,
,BCA-1C,CSA,KMK,ET-401,C++,HMK,ET-401,,,,,MATHS,ARM,ET-401,,,,,,,,,,,,,,
,BCA-1D,MATHS,DMK,ET-303,C++,HJK,ET-303,,CSA LAB,APK,MTCL-2,CSA LAB,APK,MTCL-2,Lunch Break,,,CSA,SJK,ET-203,,,,,,,,
,BCA-1E,CSA,SJK,ET-203,MATHS,HPK,ET-203,,C++,PRB,ET-502,EVS,DIKSHA,ET-103,,,,,,,,,,,,,,
,BCA-1F,C++ Lab,SNL,MTCL-2,C++ Lab,SNL,MTCL-2,,MATHS LAB,GSC,ETCC-407,CSA,SMB,ET-301,,,,,,,,,,,,,,
,BCA-2A,DBMS LAB,CND,HMCL,DBMS LAB,CND,HMCL,,OS,NRN,ET-505,Lunch Break,,,SE LAB,PRS,ETCC-407,WD,PRT,ET-202,WD LAB,PRT,ETCC-304,,,,,
,BCA-2B,OS LAB,PRJ,PHCL,OS LAB,PRJ,PHCL,,DBMS,NVG,ET-403,OS,PRJ,ET-303,Lunch Break,,,WD,ANK,ET-201,BMPD,NVG,ET-201,,,,,
,BCA-2C,DBMS,AKG,ET-301,SE,GVA,ET-301,,WD,PNT,ET-203,OS,PRB,ET-203,Lunch Break,,,SE LAB,KMK,MTCL-3,SE LAB,KMK,MTCL-3,,,,,
,BCA-2D,SE,PRK,ET-402,WD,HSK,ET-402,,DBMS,PRT,ET-301,OS,NRN,ET-203,Lunch Break,,,BMPD,PRK,ET-303,OS LAB,NRN,PHCL,,,,,
,BCA-2E,WD,ISK,ET-302,OS,ANK,ET-302,,WD LAB,ISK,HMCL,WD LAB,ISK,HMCL,Lunch Break,,,SE LAB,PRJ,MTCL-2,SE LAB,PRJ,MTCL-2,,,,,
,BCA-3A,DM,JSL,ET-503,ANDROID,SNK,ET-503,,ML,CND,ET-501,Lunch Break,,,BMPD,SNT,ET-203,DM LAB,JSL,ETCC-507,DM LAB,JSL,ETCC-507,,,,,
,BCA-3B,ANDROID,SNK,ET-501,CIL,SHG,ET-501,,DM,PRK,ET-402,Lunch Break,,,DM LAB,PRK,ETCC-206,GROUP 2 (UX/UI) - GVA - ETCC-407,,,,,,,,,,
,BCA-3C,AND LAB,SNT,ETCC-507,AND LAB,SNT,ETCC-507,,DM,JHN,ET-503,Lunch Break,,,ML LAB,CND,ETCC-304,ML LAB,CND,ETCC-304,ML,ISK,ET-101,,,,,
,MCA-1,WT LAB,HMK,LANG LAB,AD JAVA,JSL,LANG LAB,,WT,HMK,ET-302,LINUX LAB,JHN,LANG LAB,Lunch Break,,,LINUX LAB,JHN,LANG LAB,DAA,ANK,LANG LAB,,,,,
,MCA-2,AWT,HSK,ET-502,MLDA,KP,ET-502,,AWT LAB,HSK,LANG LAB,Lunch Break,,,CC,SHG,LANG LAB,GROUP 2 (MERN) - SHK - ETCC-206,,,,,,,,,,
,Btech Section AI & ML,PPS,,ET-101,Chemistry,NK,ET-101,,English,Rimpy,ET-101,Mathematics II,HPK,ET-101,,,,,,,,,,,,,,
,Btech Section A,Physics,FZ,ET-504,Mathematics II,PK,ET-103,,BEE,TNT,ET-202,Lunch Break,,,Physics Lab G1 FZ,,,,,,,,,,,,,
,Btech Section B,EGD(SKC/Arif),,,,,,,Mathematics II,DMK,ET-103,BEE,TNT,ET-102,,,,,,,,,,,,,,
,Btech Section C,English,Tulika,ET-103,Mathematics II,PK,ET-103,,Workshop Group 1 & PPS Group 2,,,,,,Lunch Break,,,PPS,,ET-102,,,,,,,,
,BTECH CSE-2A GP1,COA,APK,ET-102,UHV,SW,ET-102,,MATHS IV,PK,ET-102,OS,SJK,ET-201,Lunch Break,,,EVS,HS,ET-101,,,,,,,,
,BTECH CSE-2A GP2,,,,,,,,,,,,,,,,,,,,,,,,,,,
,BTECH CSE-2BGP1,UHV,SW,ET-201,COA,KMK,ET-201,,MATHS,ARM,ET-401,EVS,APS,ET-402,Lunch Break,,,DAA,NVG,ET-302,OS,SJK,ET-102,,,,,
,BTECH CSE-2BGP2,,,,,,,,,,,,,,,,,,,,,,,,,,,
,BTECH CSE 2C GP1,DAA,PNT,ET-505,,,,,UHV,SW,ET-201,Lunch Break,,,OS,HSD,ET-102,EVS,NK,ET-103,COA,APK,ET-103,,,,,
,BTECH CSE 2C GP2,,,,,,,,,,,,,,,,,,,,,,,,,,,
,BTECH CSE 3A GP1,CC,SHG,ET-202,PDD,SKG,ET-202,,CC LAB,SHG,ETCC-304,MAD LAB,SNK,ETCC-507,CD,ALM,ET-101,GROUP 2 (UX/UI) - GVA - ETCC-407,,,,,,,,,,
,BTECH CSE 3A GP2,,,,,,,,MAD LAB,SNK,ETCC-507,CC LAB,SHG,ETCC-304,,,,,,,,,,,,,,
,BTECH CSE 3B GP1,AI LAB,SRB,ETCC-206,CD LAB,ALM,ETCC-304,,Lunch Break,,,CD,ALM,ET-202,AI,KP,ET-202,GROUP 2 (MERN) - SHK - ETCC-206,,,,,,,,,,
,BTECH CSE 3B GP2,CD LAB,ALM,ETCC-304,AI LAB,SRB,ETCC-206,,,,,,,,,,,,,,,,,,,,,
,BTECH CSE 4,,,,,,,,,,,,,,,,,,,,,,,,,,,
,MBA 1A,,,,,,,,,,,,,,,,,,,,,,,,,,,
,MBA 1B,,,,,,,,,,,,,,,,,,,,,,,,,,,
,MBA 1C,,,,,,,,,,,,,,,,,,HSK,,,,,,,,,
,BHMCT 1,,,,,,,,,,,,,,,,,,,,,,,,,,,
,BHMCT 4,,,,,,,,,,,,,,,,,,,,,,,,,,,
,B.Pharma 1A,,,,,,,,,,,,,,,HMK,,,HMK,,,,,,,,,
,B.Pharma 1B,,,,,JHN,,,,,,,,,,,,,,,,,,,,,,
WEDNESDAY,BCA-1A,MATHS,RPK,ET-301,C++,AKG,ET-301,TEA BREAK,CSA LAB,SMB,MTCL-2,CSA LAB,SMB,MTCL-2,,,,,,,,,,,,,,
,BCA-1B,CSA LAB,APK,MTCL-2,CSA LAB,APK,MTCL-2,,C++,PRS,ET-401,Lunch Break,,,MATHS,DMK,ET-101,,,,,,,,,,,
,BCA-1C,CSA,KMK,ET-503,C++,HMK,ET-503,,CSA LAB,KMK,MTCL-3,CSA LAB,KMK,MTCL-3,Lunch Break,,,,,,,,,,,,,
,BCA-1D,MATHS LAB,DMK,ETCC-206,C++,HJK,ET-501,,CSA,SJK,ET-503,Lunch Break,,,,,,,,,,,,,,,,
,BCA-1E,MATHS,HPK,ET-403,C++,PRB,ET-403,,EVS,DIKSHA,ET-501,Lunch Break,,,CSA,SJK,ET-102,BMPD,PRB,ET-201,,,,,,,,
,BCA-1F,C++ Lab,SNL,MTCL-3,C++ LAB,SNL,MTCL-3,,BMPD,GVA,ET-502,EVS,DIKSHA,ET-101,Lunch Break,,,CSA,SMB,ET-202,,,,,,,,
,BCA-2A,WD,PRT,ET-402,SE,PRS,ET-402,,OS,NRN,ET-201,DBMS,CND,ET-201,,,,WD LAB,PRT,ETCC-507,SE LAB,PRS,ETCC-407,,,,,
,BCA-2B,WD,ANK,ET-401,OS,PRJ,ET-401,,DBMS LAB,NVG,HMCL,DBMS LAB,NVG,HMCL,Lunch Break,,,DBMS,NVG,ET-302,SE,GVA,ET-201,,,,,
,BCA-2C,OS LAB,SRB,PHCL,OS LAB,SRB,PHCL,,OS,PRB,ET-301,Lunch Break,,,BMPD,APK,ET-201,WD LAB,PNT,,WD,PNT,ET-101,,,,,
,BCA-2D,OS,NRN,ET-502,WD,HSK,ET-502,,DBMS,PRT,ET-203,Lunch Break,,,SE,PRK,ET-301,WD LAB,HSK,MTCL-2,WD LAB,HSK,MTCL-2,,,,,
,BCA-2E,DBMS LAB,NSA,HMCL,DBMS LAB,NSA,HMCL,,SE,PRJ,ET-202,DBMS,NRN,ET-202,Lunch Break,,,OS LAB,ANK,PHCL,OS LAB,ANK,PHCL,,,,,
,BCA-3A,ML LAB,CND,ETCC-304,ML LAB,CND,ETCC-304,,,,,ANDROID,SNK,ET-102,GP1( MERN )PRT-ETCC-304 GP 1(MOBILE DEVELOPMENT) -ISK ETCC-507 GP1 (UX/UI)-GVA- ETCC-407 LIVE PROJECT-SHK-LANG LAB,,,PLACEMENT SESSION,,,,,,,,,,
,BCA-3B,AND LAB,SNK,ETCC-507,DM LAB,PRK,ETCC-206,,ML LAB,ISK,ETCC-304,ML LAB,ISK,ETCC-304,,,,,,,,,,,,,,
,BCA-3C,ML,ISK,ET-501,AND LAB,SNT,ETCC-507,,DM LAB,JHN,ETCC-206,DM LAB,JHN,ETCC-206,,,,,,,,,,,,,,
,MCA-1,WT LAB,HMK,LANG LAB,AD JAVA,JSL,ET-302,,DAA,ANK,ET-303,WT,HMK,ET-103,Lunch Break,,,AD JAVA LAB,JSL,LANG LAB,LINUX LAB,JHN,LANG LAB,,,,,
,MCA-2,CC,SHG,ET-505,CC LAB,SHG,LANG LAB,,AWT,HSK,ET-402,MLDA,KP,LANG LAB,GP1( MERN )PRT-ETCC-304 GP 1(MOBILE DEVELOPMENT) -ISK ETCC-507 GP1 (UX/UI)-GVA- ETCC-407 LIVE PROJECT-SHK-LANG LAB,,,PLACEMENT SESSION,,,,,,,,,,
,Btech Section AI & ML,English,Rimpy,ET-101,Chemistry,NK,ET-101,,Chemistry LAB Group 1 & Workshop Group 2,,,,,,Lunch Break,,,Mathematics II,HPK,ET-101,,,,,,,,
,Btech Section A,BEE,TNT,ET-102,Mathematics II,PK,ET-102,,Physics,FZ,ET-102,Lunch Break,,,BEE Lab G2 TNT,,,,,,,,,,,,,
,Btech Section B,Physics,FZ,ET-103,BEE,TNT,ET-103,,EGD(SKC/Arif),,,,,,Lunch Break,,,Physics Lab G1 FZ,,,,,,,,,,
,Btech Section C,Chemistry,NK,ET-201,Maths I,PK,ET-102,,English,Tulika,ET-103,Lunch Break,,,PPS,,ET-103,Workshop Group-2,,,,,,,,,,
,BTECH CSE-2A GP1,OS,SJK,ET-302,COA LAB,KP,ETCC-407,,MATHS IV,PK,ET-101,Lunch Break,,,DAA,ALM,ET-202,,,,,,,,,,,
,BTECH CSE-2A GP2,,,,,,,,,,,,,,,,,,,,,,,,,,,
,BTECH CSE-2B GP 1,DAA,NVG,ET-303,OS,SJK,ET-303,,,,,Lunch Break,,,EVS,APS,ET-203,COA LAB,KMK,ETCC-407,,,,,,,,
,BTECH CSE-2B GP 2,,,,,,,,,,,,,,,,,,,,,,,,,,,
,BTECH CSE 2C GP1,COA LAB,KP,ETCC-407,MATHS IV,HPK,ET-201,,OS LAB,HSD,ETCC-407,DAA LAB,PNT,ETCC-507,Lunch Break,,,COA,APK,ET-102,,,,,,,,
,BTECH CSE 2C GP2,,,,,,,,DAA LAB,PNT,ETCC-507,OS LAB,HSD,ETCC-407,,,,,,,,,,,,,,
,BTECH CSE 3A GP1,CD,ALM,ET-202,PDD,SKG,ET-202,,MAD,SNK,ET-302,Lunch Break,,,GP1( MERN )PRT-ETCC-304 GP 1(MOBILE DEVELOPMENT) -ISK ETCC-507 GP1 (UX/UI)-GVA- ETCC-407 LIVE PROJECT-SHK-LANG LAB,,,CC,SHG,ET-103,,,,,,,,
,BTECH CSE 3A GP2,,,,,,,,,,,,,,,,,,,,,,,,,,,
,BTECH CSE 3B GP2,CC,PRB,ET-203,CD,ALM,ET-203,,MAD,SNT,ET-403,Lunch Break,,,,,,AI LAB,SRB,ETCC-206,CD LAB,ALM,ETCC-304,,,,,
,BTECH CSE 3B GP2,,,,,,,,,,,,,,,,,CD LAB,ALM,ETCC-304,AI LAB,SRB,ETCC-206,,,,,
,BTECH CSE 4,,,,,,,,,,,,,,,,,,,,,,,,,,,
,MBA 1A,,,,,,,,,,,,JSL,,,,,,,,,,,,,,,
,MBA 1B,,,,,,,,,,,,,,,,,,,,,,,,,,,
,MBA 1C,,,,,,,,,,,,,,,,,,,,,,,,,,,
,BHMCT 1,,,,,,,,,AKG,,,,,,,,,,,,,,,,,,
,BHMCT 4,,,,,,,,,,,,,,,,,,,,,AKG,,,,,,
,B.Pharma 1A,,HSK,,,,,,,,,,,,,,,,,,,,,,,,,
,B.Pharma 1B,,,,,JHN,,,,,,,,,,,,,,,,,,,,,,
THURSDAY,BCA-1A,CSA,SMB,ET-401,MATHS LAB,RPK,ETCC-407,TEA BREAK,,,,C++,AKG,ET-201,,,,,,,,,,,,,,
,BCA-1B,CSA,APK,ET-201,MATHS,DMK,ET-201,,C++ LAB,PRS,MTCL-2,C++ LAB,PRS,MTCL-2,,,,,,,,,,,,,,
,BCA-1C,MATHS,ARM,ET-202,BMPD,APK,ET-202,,C++,HMK,ET-301,CSA,KMK,ET-301,,,,EVS,SONIA,ET-201,,,,,,,,
,BCA-1D,MATHS,DMK,ET-402,C++,HJK,ET-402,,C++ LAB,SMB,MTCL-3,C++ LAB,SMB,MTCL-3,,,,,,,,,,,,,,
,BCA-1E,CSA LAB,SJK,MTCL-2,CSA LAB,SJK,MTCL-2,,MATHS LAB,HPK,ETCC-304,Lunch Break,,,C++,PRB,ET-101,,,,,,,,,,,
,BCA-1F,C++,SNL,ET-203,C++,SNL,ET-203,,,,,Lunch Break,,,,,,,,,,,,,,,,
,BCA-2A,DBMS,CND,ET-503,BMPD,PRJ,ET-503,,WD,PRT,ET-203,SE,PRJ,ET-203,Lunch Break,,,DBMS LAB,CND,HMCL,DBMS LAB,CND,HMCL,,,,,
,BCA-2B,SE LAB,GVA,MTCL-3,SE LAB,GVA,MTCL-3,,WD LAB,ANK,HMCL,WD LAB,ANK,HMCL,Lunch Break,,,WD,ANK,ET-101,SE,GVA,ET-101,,,,,
,BCA-2C,OS,PRB,ET-502,,,,,DBMS,AKG,ET-302,SE,GVA,ET-302,Lunch Break,,,SE LAB,KMK,ETCC-304,SE LAB,KMK,ETCC-304,,,,,
,BCA-2D,DBMS LAB,PRT,HMCL,DBMS LAB,PRT,HMCL,,OS,NRN,ET-401,Lunch Break,,,WD LAB,HSK,MTCL-2,,,,OS LAB,NRN,PHCL,,,,,
,BCA-2E,OS,ANK,ET-302,DBMS,NRN,ET-302,,WD,ISK,ET-501,Lunch Break,,,SE LAB,PRJ,MTCL-3,SE LAB,PRJ,MTCL-3,,,,,,,,
,BCA-3A,CIL,PRS,ET-303,ANDROID LAB,SNT,ETCC-407,,ML,CND,ET-202,DM,JSL,ET-202,GP1( MERN )PRT-ETCC-304 GP 1(MOBILE DEVELOPMENT) -ISK ETCC-507 GP1 (UX/UI)-GVA- ETCC-407 LIVE PROJECT-SHK-LANG LAB,,,PLACEMENT SESSION,,,,,,,,,,
,BCA-3B,DM,PRK,ET-403,ML,KP,ET-403,,DM LAB,PRK,ETCC-206,DM LAB,PRK,ETCC-206,,,,,,,,,,,,,,
,BCA-3C,ML,ISK,ET-501,CIL,PNT,ET-501,,ANDROID,SNT,ET-505,DM,JHN,ET-103,,,,,,,,,,,,,,
,MCA-1,AD JAVA LAB,JSL,LANG LAB,WT LAB,HMK,ET-103,,AD JAVA,JSL,ET-503,Lunch Break,,,LINUX,JHN,ET-201,ISCL,PRK,LANG LAB,,,,,,,,
,MCA-2,RP,KP,ET-303,MLDA LAB,CND,LANG LAB,,CC LAB,SHG,LANG LAB,AWT LAB,HSK,LANG LAB,GP1( MERN )PRT-ETCC-304 GP 1(MOBILE DEVELOPMENT) -ISK ETCC-507 GP1 (UX/UI)-GVA- ETCC-407 LIVE PROJECT-SHK-LANG LAB,,,PLACEMENT SESSION,,,,,,,,,,
,Btech Section AI & ML,Workshop Group 1 & PPS LAB Group ETCC -206,,,,,,,PPS,,ET-101,English,Rimpy,ET-101,Lunch Break,,,Workshop Group-2,,,,,,,,,,
,Btech Section A,EGD(SK & Arif),,,,,,,BEE,TNT,ET-103,Physics,FZ,ET- 103,,,,BEE Lab G1 TNT,,,,,,,,,,
,Btech Section B,BEE Gp-2 TNT,,,,,,,Physics,FZ,ET-102,BEE,TNT,ET-102,Mathematics II,DMK,ET-102,,,,,,,,,,,
,Btech Section C,English,Tulika,ET-103,Chemistry,NK,ET-102,,Lunch Break,,,,,,Chemistry LAB Group 2 & PPS Group 1,,,,,,,,,,,,,
,BTECH CSE-2A GP1,UHV,SW,ET-101,MATHS IV,PK,ET-101,,DAA,ALM,ET-402,Lunch Break,,,COA,APK,ET-103,OS LAB,SMB,ETCC-407,DAA LAB,NVG,ETCC-507,,,,,
,BTECH CSE-2A GP2,,,,,,,,,,,,,,,,,DAA LAB,NVG,ETCC-507,OS LAB,SMB,ETCC-407,,,,,
,BTECH CSE-2BGP1,COA LAB,KMK,ETCC-407,DAA,NVG,ET-401,,COA,KMK,ET-303,Lunch Break,,,Maths,ARM,ET-302,OS,SJK,ET-102,,,,,,,,
,BTECH CSE-2BGP2,,,,,,,,,,,,,,,,,,,,,,,,,,,
,BTECH CSE 2C GP1,DAA,PNT,ET-301,MATHS IV,HPK,ET-301,,OS LAB,HSD,ETCC-407,DAA LAB,PNT,ETCC-507,Lunch Break,,,COA,APK,ET-103,,,,,,,,
,BTECH CSE 2C GP2,,,,,,,,DAA LAB,PNT,ETCC-507,OS LAB,HSD,ETCC-407,,,,,,,,,,,,,,
,BTECH CSE 3A GP1,CC LAB,SHG,ETCC-304,MAD LAB,SNK,ETCC-507,,AI,SRB,ET-502,Lunch Break,,,GP1( MERN )PRT-ETCC-304 GP 1(MOBILE DEVELOPMENT) -ISK ETCC-507 GP1 (UX/UI)-GVA- ETCC-407 LIVE PROJECT-SHK-LANG LAB,,,CD,ALM,ET-203,,,,,,,,
,BTECH CSE 3A GP2,MAD LAB,SNK,ETCC-507,CC LAB,SHG,ETCC-304,,,,,,,,,,,,,,,,,,,,,
,BTECH CSE 3B GP1,PDD,SKG,ET-102,CD,ALM,ET-303,,CC,PRB,ET-201,Lunch Break,,,,,,AI,KP,ET-202,MAD,SNT,ET-202,,,,,
,BTECH CSE 3B GP2,,,,,,,,,,,,,,,,,,,,,,,,,,,
,MBA 1A,,,,,,,,,,,,,,,,,,,,,JSL,,,,,,
,MBA 1B,,,,,,,,,,,,,,,,,,,,,,,,,,,
,MBA 1C,,,,,,,,,,,,,,,,,,,,,,,,,,,
,BHMCT 1,,,,,,,,,,,,,,,,,,,,,,,,,,,
,BHMCT 4,,,,,AKG,,,,,,,,,,,,,,,,,,,,,,
,B.Pharma 1A,,,,,HSK,,,,,,,,,,HMK,,,HMK,,,,,,,,,
,B.Pharma 1B,,,,,,,,,,,,,,,,,,,,,,,,,,,
FRIDAY,BCA-1A,CSA,SMB,ET-403,,,,TEA BREAK,EVS,SONIA,ET-502,Lunch Break,,,CSA LAB,SMB,MTCL-2,CSA LAB,SMB,MTCL-2,FRIDAY MEETING,,,,,,,
,BCA-1B,EVS,SONIA,ET-301,MATHS,DMK,ET-301,,CSA,APK,ET-201,Lunch Break,,,,,,,,,,,,,,,,
,BCA-1C,C++ LAB,HMK,MTCL-2,C++ LAB,HMK,MTCL-2,,MATHS,ARM,ET-402,,,,,,,,,,,,,,,,,
,BCA-1D,CSA,SJK,ET-501,C++,HJK,ET-501,,EVS,DIKSHA,ET-301,Lunch Break,,,,,,,,,,,,,,,,
,BCA-1E,C++ LAB,PRB,MTCL-3,C++ LAB,PRB,MTCL-3,,CSA LAB,SJK,MTCL-2,CSA LAB,SJK,MTCL-2,Lunch Break,,,C++,PRB,ET-201,,,,,,,,
,BCA-1F,MATHS,GSC,ET-402,CSA,SMB,ET-402,,CSA LAB,KMK,MTCL-3,CSA LAB,KMK,MTCL-3,Lunch Break,,,,,,,,,,,,,
,BCA-2A,SE,PRS,ET-502,DBMS,CND,ET-502,,,,,OS,NRN,ET-101,Lunch Break,,,WD LAB,PRT,ETCC-304,,,,,,,,
,BCA-2B,OS,PRJ,ET-302,DBMS,NVG,ET-302,,,,,Lunch Break,,,OS LAB,PRJ,PHCL,OS LAB,PRJ,PHCL,,,,,,,,
,BCA-2C,DBMS LAB,AKG,HMCL,DBMS LAB,AKG,HMCL,,SE,GVA,ET-302,Lunch Break,,,WD LAB,PNT,HMCL,WD LAB,PNT,HMCL,,,,,,,,
,BCA-2D,OSLAB,NRN,PHCL,OSLAB,NRN,PHCL,,DBMS LAB,PRT,HMCL,DBMS LAB,PRT,HMCL,SE LAB,PRK,MTCL-3,SE LAB,PRK,MTCL-3,,,,,,,,
,BCA-2E,OS,ANK,ET-401,WD,ISK,ET-401,,OS LAB,ANK,PHCL,OS LAB,ANK,PHCL,Lunch Break,,,DBMS,NRN,ET-203,,,,,,,,
,BCA-3A,AND LAB,SNT,ETCC-507,AND LAB,SNT,ETCC-507,,ML LAB,CND,ETCC-304,Lunch Break,,,ML LAB,CND,ETCC-304,ANDROID,SNK,ET-302,,,,,,,,
,BCA-3B,ML LAB,ISK,ETCC-304,ML LAB,ISK,ETCC-304,,ML,KP,ET-401,ANDROID,SNK,ET-103,GROUP 2 (UX/UI) - GVA - ETCC-407,,,,,,,,,,,,,
,BCA-3C,CIL,PNT,ET-303,DM,JHN,ET-303,,ANDROID,SNT,ET-102,ML,ISK,ET-102,Lunch Break,,,AND LAB,SNT,ETCC-507,,,,,,,,
,MCA-1,LINUX,JHN,ET-503,AD JAVA LAB,JSL,LANG LAB,,ISCL,PRK,LANG LAB,Lunch Break,,,WT LAB,HMK,LANG LAB,DAA,ANK,ET-301,,,,,,,,
,MCA-2,MLDA LAB,CND,LANG LAB,CC,SHG,ET-203,,AWT,HSK,ET-501,AWT LAB,HSK,LANG LAB,GROUP 2 (MERN) - SHK - ETCC-206,,,,,,,,,,,,,
,Btech Section AI & ML,Maths I,HPK,ET-102,PPS,,ET-101,,Chemistry,NK,ET-101,Lunch Break,,,Workshop Group-1,,,,,,,,,,,,,
,Btech Section A,Autocad,,,,,,,Mathematics II,PK,ET-103,Physics Lab G2,,,,,,,,,,,,,,,,
,Btech Section B,Mathematics II,DMK,ET-101,BEE,TNT,ET-102,,Autocad,,,,,,Lunch Break,,,Physics,FZ,ET-102,,,,,,,,
,Btech Section C,Chemistry LAB Group 1 & Workshop Group 2,,,,,,,Mathematics II,PK,ET-103,Lunch Break,,,Chemistry,NK,ET-102,PPS,,ET-103,,,,,,,,
,BTECH CSE-2A GP1,COA,APK,ET-203,COA LAB,KP,ETCC-407,,EVS,HS,ET-303,Lunch Break,,,,,,OS,SJK,ET-101,,,,,,,,
,BTECH CSE-2A GP2,,,,,,,,,,,,,,,,,,,,,,,,,,,
,BTECH CSE-2B GP 1,COA LAB,kmk,ETCC-407,,,,,OS LAB,PRJ,ETCC-407,DAA LAB,NVG,ETCC-507,Lunch Break,,,COA,KMK,ET-202,,,,,,,,
,BTECH CSE-2B GP 2,,,,,,,,DAA LAB,NVG,ETCC-507,OS LAB,PRJ,ETCC-407,,,,,,,,,,,,,,
,BTECH CSE 2C GP1,OS,HSD,ET-202,MATHS IV,HPK,ET-202,,DAA,PNT,ET-202,Lunch Break,,,COA,APK,ET-101,,,,,,,,,,,
,BTECH CSE 2C GP2,,,,,,,,,,,,,,,,,,,,,,,,,,,
,BTECH CSE 3A GP1,PDD,SKG,ET-201,AI,SRB,ET-201,,MAD,SNK,ET-505,,,,GROUP 2 (UX/UI) - GVA - ETCC-407,,,,,,,,,,,,,
,BTECH CSE 3A GP2,,,,,,,,,,,,,,,,,,,,,,,,,,,
,BTECH CSE 3B GP1,AI,KP,ET-103,CD,ALM,ET-103,,CC,PRB,ET-203,Lunch Break,,,GROUP 2 (MERN) - SHK - ETCC-206,,,,,,,,,,,,,
,BTECH CSE 3B GP2,,,,,,,,,,,,,,,,,,,,,,,,,,,
,BTECH CSE 4,,,,,,,,,,,,,,,,,,,,,,,,,,,
,MBA 1A,,,,,,,,,,,,,,,,,,,,,,,,,,,
,MBA 1B,,,,,,,,,,,,,,,,,,JSL,,,,,,,,,
,MBA 1C,,,,,,,,,,,,,,,,,,,,,,,,,,,
,BHMCT 1,,,,,,,,,,,,AKG,,,,,,,,,,,,,,,
,BHMCT 4,,,,,,,,,,,,,,,,,,,,,,,,,,,
,B.Pharma 1A,,,,,,,,,,,,,,,,,,JHN,,,,,,,,,
,B.Pharma 1B,,,,,,,,,,,,,,,,,,,,,,,,,,,
SATURDAY,BCA-1A,C++ LAB,AKG,MTCL-3,C++ LAB,AKG,MTCL-3,TEA BREAK,CSA,SMB,ET-501,,,,,,,DEPARTMENTAL MEETING,,,,,,,,,,
,BCA-1B,C++,PRS,ET-502,,,,,BMPD,GVA,ET-101,CSA,APK,ET-101,,,,,,,,,,,,,,
,BCA-1C,EVS,SONIA,ET-501,MATHS LAB,ARM,ETCC-407,,C++ LAB,HMK,MTCL-3,C++ LAB,HMK,MTCL-3,,,,,,,,,,,,,,
,BCA-1D,CSA LAB,APK,MTCL-2,CSA LAB,APK,MTCL-2,,EVS,DIKSHA,ET-103,BMPD,SMB,ET-103,,,,,,,,,,,,,,
,BCA-1E,CSA,SJK,ET-403,,,,,MATHS,HPK,ET-402,C++,PRB,ET-402,,,,,,,,,,,,,,
,BCA-1F,CSA,SMB,ET-203,MATHS,GSC,ET-203,,CSA,KMK,MTCL-2,CSA,KMK,MTCL-2,,,,,,,,,,,,,,
,BCA-2A,WD,PRT,ET-202,SE,PRS,ET-202,,OS LAB,NRN,PHCL,OS LAB,NRN,PHCL,DBMS,CND,ET-101,,,,,,,,,,,
,BCA-2B,DBMS LAB,NVG,HMCL,DBMS LAB,NVG,HMCL,,WD,ANK,ET-401,SE,GVA,ET-201,DBMS,NVG,ET-201,,,,,,,,,,,
,BCA-2C,OS LAB,SRB,PHCL,OS LAB,SRB,PHCL,,DBMS,AKG,ET-202,OS,PRB,ET-202,WD,PNT,ET-202,,,,,,,,,,,
,BCA-2D,OS,NRN,ET-401,WD,HSK,ET-401,,SE,PRK,ET-303,DBMS,PRT,ET-303,,,,,,,,,,,,,,
,BCA-2E,SE,PRJ,ET-302,WD,ISK,ET-302,,DBMS LAB,NSA,HMCL,DBMS LAB,NSA,HMCL,,,,,,,,,,,,,,
,BCA-3A,ML,CND,ET-201,DM,JSL,ET-201,,CIL,PRS,ET-301,ANDROID,SNK,ET-301,GROUP 1 ( MERN ) PRT - ETCC-304 GROUP 1 (MOBILE DEVELOPMENT) - ISK ETCC-507 GROUP 1 (UX/UI) - GVA - ETCC-407 LIVE PROJECT - SHK-LANG LAB,,,,,,,,,,,,,
,BCA-3B,DM,PRK,ET-303,CIL,SHG,ET-303,,BMPD,SNK,,,,,,,,,,,,,,,,,,
,BCA-3C,DM LAB,JHN,ETCC-206,DM LAB,JHN,ETCC-206,,BMPD,SNT,ET-302,CIL,PNT,ET-102,,,,,,,,,,,,,,
,MCA-1,WT,HMK,ET-402,ISCL,PRK,ET-402,,,,,LINUX LAB,JHN,LANG LAB,LINUX,JHN,ET-203,,,,,,,,,,,
,MCA-2,AWT LAB,HSK,LANG LAB,MLDA LAB,CND,LANG LAB,,CC LAB,SHG,LANG LAB,RP,KP,ET-302,GROUP 1 ( MERN ) PRT-ETCC-304 GROUP 1(MOBILE DEVELOPMENT) - ISK ETCC-507 GROUP 1 (UX/UI) - GVA - ETCC-407 LIVE PROJECT-SHK-LANG LAB,,,,,,,,,,,,,
,BTECH CSE-2A GP1,DAA,ALM,ET-301,OS,SJK,ET-301,,UHV,SW,ET-102,,,,,,,,,,,,,,,,,
,BTECH CSE-2A GP2,,,,,,,,,,,,,,,,,,,,,,,,,,,
,BTECH CSE-2BGP1,Maths,ARM,ET-101,UHV,SW,ET-101,,OS LAB,PRJ,ETCC-407,DAA LAB,NVG,ETCC-507,COA LAB,KMK,ETCC-206,,,,,,,,,,,
,BTECH CSE-2BGP2,,,,,,,,DAA LAB,NVG,ETCC-507,OS LAB,PRJ,ETCC-407,,,,,,,,,,,,,,
,BTECH CSE 2C GP1,UHV,SW,ET-102,OS,HSD,ET-102,,EVS,NK,ET-201,,,,,,,,,,,,,,,,,
,BTECH CSE 2C GP2,,,,,,,,,,,,,,,,,,,,,,,,,,,
,BTECH CSE 3A GP1,CC,SHG,ET-103,MAD,SNK,ET-103,,AI LAB,SRB,ETCC-206,CD lab,ALM,ETCC-304,GROUP 1 ( MERN ) PRT - ETCC-304 GROUP 1 (MOBILE DEVELOPMENT) - ISK ETCC-507 GROUP 1 (UX/UI) - GVA - ETCC-407 LIVE PROJECT - SHK-LANG LAB,,,,,,,,,,,,,
,BTECH CSE 3A GP2,,,,,,,,CD lab,ALM,ETCC-304,AI LAB,SRB,ETCC-206,,,,,,,,,,,,,,
,BTECH CSE 3B GP1,CC LAB,PRB,ETCC-304,MAD LAB,SNT,ETCC-507,,PDD,SKG,ET-203,MAD,SNT,ET-203,,,,,,,,,,,,,,
,BTECH CSE 3B GP2,MAD LAB,SNT,ETCC-507,CC LAB,PRB,ETCC-304,,,,,,,,,,,,,,,,,,,,,
,MBA 1A,,,,,,,,,,,,JSL,,,,,,,,,,,,,,,
,MBA 1B,,,,,,,,,,,,HSK,,,,,,,,,,,,,,,
,MBA 1C,,,,,,,,,,,,,,,,,,,,,,,,,,,
,BHMCT 1,,,,,,,,,,,,,,,,,,,,,,,,,,,
,BHMCT 4,,,,,,,,,,,,,,,,,,,,,,,,,,,
,B.Pharma 1A,,,,,,,,,,,,,,,,,,,,,,,,,,,
,B.Pharma 1B,,,,,,,,,,,,,,,,,,,,,,,,,,,
